0.png,0,1,0
1.png,0,1,0
10.png,0,1,0
100.png,0,0,1
101.png,0,1,0
102.png,0,1,0
103.png,0,1,0
104.jpg,0,1,0
105.jpg,0,1,0
106.png,0,1,0
107.png,0,1,0
108.png,0,1,0
109.png,0,1,0
11.png,0,1,0
110.png,0,0,1
111.png,0,0,1
112.png,0,1,0
113.png,0,1,0
114.png,0,0,1
115.png,0,0,1
116.png,0,1,0
117.png,0,1,0
118.png,0,1,0
119.png,0,0,1
12.png,0,1,0
120.png,0,0,1
121.png,0,1,0
122.png,0,0,1
123.png,0,1,0
124.png,0,0,1
125.png,0,1,0
126.png,0,1,0
127.png,0,1,0
128.png,0,1,0
129.png,0,1,0
13.png,0,0,1
130.png,0,1,0
131.png,0,0,1
132.png,0,0,1
133.png,0,1,0
134.png,0,1,0
135.png,0,0,1
136.png,0,0,1
137.png,0,1,0
138.png,0,0,1
139.png,0,1,0
14.png,0,1,0
140.png,0,1,0
141.png,0,1,0
142.png,0,1,0
143.png,0,1,0
144.png,0,1,0
145.png,0,0,1
146.png,0,1,0
147.png,0,0,1
148.png,0,1,0
149.jpg,0,1,0
15.png,0,0,1
150.png,0,0,1
151.png,0,1,0
152.png,0,0,1
153.png,0,1,0
154.png,0,1,0
155.png,0,1,0
156.png,0,1,0
157.png,0,1,0
158.png,0,1,0
159.png,0,1,0
16.png,0,1,0
160.png,0,1,0
161.png,0,1,0
162.png,0,1,0
163.png,0,1,0
164.png,0,0,1
165.png,0,1,0
166.png,0,1,0
167.png,0,1,0
168.png,0,1,0
169.png,0,1,0
17.png,0,0,1
170.png,0,1,0
171.png,0,0,1
172.png,0,1,0
173.png,0,1,0
174.png,0,1,0
175.png,0,1,0
176.png,0,1,0
177.png,0,1,0
178.jpg,0,1,0
179.png,0,1,0
18.png,0,0,1
180.png,0,1,0
181.png,0,0,1
182.png,0,0,1
183.png,0,0,1
184.png,0,0,1
185.png,0,1,0
186.png,0,1,0
187.png,0,1,0
188.png,0,1,0
189.png,0,1,0
19.png,0,0,1
190.png,0,1,0
191.png,0,1,0
192.png,0,1,0
193.png,0,1,0
194.png,0,0,1
195.png,0,1,0
196.png,0,1,0
197.png,0,0,1
198.png,0,0,1
199.png,0,1,0
2.png,0,0,1
20.png,0,1,0
200.png,0,1,0
201.png,0,0,1
202.png,0,1,0
203.png,0,1,0
204.png,0,0,1
205.png,0,1,0
206.png,0,1,0
207.png,0,1,0
208.png,0,1,0
209.png,0,0,1
21.png,0,1,0
210.png,0,0,1
211.png,0,0,1
212.png,0,1,0
213.png,0,1,0
214.jpg,0,1,0
215.png,0,0,1
216.png,0,1,0
217.png,0,1,0
218.png,0,1,0
219.png,0,0,1
22.png,0,1,0
220.png,0,0,1
221.png,0,1,0
222.png,0,1,0
223.png,0,0,1
224.png,0,1,0
225.png,0,0,1
226.png,0,1,0
227.png,0,1,0
228.png,0,0,1
229.jpg,1,1,0
23.png,0,0,1
230.jpg,0,1,0
231.png,0,1,0
232.png,0,1,0
233.png,0,1,0
234.png,0,1,0
235.png,0,1,0
236.png,0,1,0
237.png,0,1,0
238.png,0,1,0
239.png,0,0,1
24.png,0,0,1
240.png,0,0,1
241.png,0,1,0
242.png,0,1,0
243.png,0,1,0
244.png,0,1,0
245.png,0,1,0
246.png,0,1,0
247.png,0,1,0
248.png,0,1,0
249.png,0,1,0
25.png,0,1,0
250.png,0,0,1
251.png,0,0,1
252.png,0,1,0
253.png,0,1,0
254.png,0,1,0
255.png,0,0,1
256.png,0,1,0
257.png,0,1,0
258.png,0,0,1
259.png,0,0,0
26.png,0,1,0
260.png,0,1,0
261.png,0,1,0
262.png,0,0,1
263.png,0,0,1
264.png,0,1,0
265.png,0,1,0
266.jpg,0,1,0
267.png,0,0,1
268.png,0,1,0
269.png,0,1,0
27.png,0,0,1
270.png,0,1,0
271.png,0,1,0
272.png,0,0,1
273.png,0,1,0
274.png,0,1,0
275.png,0,0,1
276.png,0,1,0
277.png,0,0,1
278.png,0,1,0
279.png,0,1,0
28.png,0,1,0
280.png,0,1,0
281.png,0,1,0
282.png,0,0,1
283.png,0,0,1
284.png,0,1,0
285.png,0,1,0
286.png,0,1,0
287.png,0,1,0
288.png,0,0,1
289.png,0,1,0
29.png,0,1,0
290.png,0,0,1
291.png,0,1,0
292.png,0,1,0
293.png,0,1,0
294.png,0,0,1
295.png,0,0,1
296.png,0,1,0
297.png,0,1,0
298.png,0,0,1
299.png,0,0,1
3.png,0,0,1
30.png,0,1,0
300.png,0,1,0
301.png,0,0,1
302.png,0,0,1
303.png,0,0,1
304.png,0,0,1
305.png,0,1,0
306.png,0,1,0
307.png,0,1,0
308.png,0,0,1
309.png,0,0,1
31.png,0,0,1
310.png,0,1,0
311.png,0,1,0
312.png,0,1,0
313.png,0,1,0
314.png,0,0,1
315.png,0,1,0
316.png,0,1,0
317.png,0,1,0
318.png,0,1,0
319.png,0,1,0
32.png,0,1,0
320.png,0,0,1
321.png,0,1,0
322.png,0,0,1
323.jpg,0,1,0
324.png,0,1,0
325.png,0,0,1
326.png,0,1,0
327.png,0,0,1
328.png,0,1,0
329.png,0,0,1
33.png,0,1,0
330.png,0,1,0
331.png,0,1,0
332.png,0,1,0
333.png,0,0,1
334.png,0,1,0
335.png,0,1,0
336.png,0,0,1
337.png,0,1,0
338.png,0,1,0
339.png,0,1,0
34.png,0,1,0
340.png,0,1,0
341.png,0,1,0
342.png,0,1,0
343.png,0,1,0
344.png,0,1,0
345.png,0,1,0
346.png,0,0,1
347.png,0,1,0
348.png,0,1,0
349.png,0,1,0
35.png,0,0,1
350.png,0,0,1
351.png,0,1,0
352.png,0,1,0
353.png,0,0,1
354.png,0,1,0
355.png,0,1,0
356.png,0,0,1
357.png,0,1,0
358.png,0,1,0
359.png,0,1,0
36.png,0,1,0
360.png,0,1,0
361.png,0,0,1
362.png,0,1,0
363.png,0,1,0
364.png,0,0,0
365.png,0,1,0
366.png,0,1,0
367.png,0,1,0
368.png,0,1,0
369.png,0,0,1
37.png,0,1,0
370.png,0,1,0
371.png,0,1,0
372.png,0,1,0
373.png,0,1,0
374.png,0,1,0
375.png,0,1,0
376.png,0,1,0
377.png,0,1,0
378.png,0,1,0
379.png,0,1,0
38.png,0,1,0
380.png,0,1,0
381.png,0,0,1
382.png,0,1,0
383.png,0,0,1
384.png,0,0,1
385.png,0,1,0
386.png,0,1,0
387.png,0,1,0
388.png,0,1,0
389.png,0,1,0
39.jpg,0,1,0
390.png,0,1,0
391.png,0,0,1
392.png,0,0,1
393.png,0,0,1
394.png,0,1,0
395.png,0,1,0
396.png,0,0,1
397.png,0,1,0
398.png,0,0,1
399.png,0,1,0
4.png,0,1,0
40.png,0,0,1
400.png,0,0,1
401.png,0,1,0
402.png,0,1,0
403.png,0,0,1
404.png,0,1,0
405.png,0,1,0
406.png,0,1,0
407.png,0,1,0
408.png,0,0,1
409.png,0,0,1
41.png,0,1,0
410.jpg,0,1,0
411.png,0,0,1
412.png,0,1,0
413.png,0,1,0
414.png,0,1,0
415.jpg,0,1,0
416.png,0,1,0
417.png,0,0,1
418.png,0,1,0
419.png,0,0,1
42.png,0,1,0
420.png,0,1,0
421.png,0,1,0
422.png,0,1,0
423.png,0,1,0
424.png,0,1,0
425.png,0,1,0
426.png,0,1,0
427.png,0,1,0
428.png,0,0,1
429.png,0,0,1
43.png,0,1,0
430.png,0,1,0
431.png,0,0,1
432.png,0,1,0
433.png,0,0,1
434.png,0,0,1
435.png,0,1,0
436.png,0,1,0
437.jpg,0,1,0
438.png,0,0,1
439.png,0,1,0
44.png,0,0,1
440.png,0,1,0
441.png,0,0,1
442.png,0,1,0
443.png,0,1,0
444.png,0,1,0
445.png,0,1,0
446.png,0,1,0
447.png,0,1,0
448.png,0,1,0
449.png,0,1,0
45.png,0,0,1
450.png,0,1,0
451.png,0,1,0
452.png,0,1,0
453.png,0,1,0
454.png,0,1,0
455.png,0,1,0
456.png,0,0,1
457.png,0,1,0
458.png,0,1,0
459.png,0,1,0
46.png,0,1,0
460.png,0,0,1
461.png,0,1,0
462.png,0,0,1
463.png,0,0,1
464.png,0,1,0
465.png,0,1,0
466.png,0,1,0
467.png,0,1,0
468.png,0,1,0
469.png,0,1,0
47.png,0,1,0
470.png,0,0,1
471.png,0,0,1
472.png,0,0,1
473.png,0,1,0
474.jpg,0,1,0
475.png,0,1,0
476.png,0,1,0
477.png,0,1,0
478.png,0,1,0
479.png,0,0,1
48.png,0,1,0
480.png,0,0,1
481.png,0,1,0
482.png,0,1,0
483.png,0,1,0
484.png,0,0,1
485.png,0,1,0
486.png,0,1,0
487.png,0,1,0
488.png,0,0,1
489.png,0,1,0
49.png,0,1,0
490.png,0,1,0
491.png,0,1,0
492.png,0,1,0
493.png,0,1,0
494.png,0,1,0
495.png,0,1,0
496.png,0,1,0
497.png,0,1,0
498.png,0,0,1
499.png,0,1,1
5.png,0,1,0
50.png,0,0,1
500.png,0,0,1
501.png,0,1,0
502.png,0,1,0
503.png,0,1,0
504.png,0,0,1
505.png,0,1,0
506.png,0,1,0
507.png,0,1,0
508.png,0,0,1
509.png,0,1,0
51.png,0,0,1
510.png,0,1,0
511.png,0,1,0
512.jpg,0,1,0
513.png,0,1,0
514.png,0,0,1
515.png,0,0,1
516.png,0,1,0
517.png,0,1,0
518.png,0,1,0
519.png,0,0,1
52.png,0,0,1
520.png,0,1,0
521.png,0,0,1
522.png,0,1,0
523.png,0,0,1
524.jpg,0,1,0
525.png,0,0,1
526.png,0,1,0
527.jpg,0,1,0
528.png,0,1,0
529.png,0,1,0
53.png,0,1,0
530.png,0,0,1
531.png,0,1,0
532.png,0,0,1
533.jpg,0,1,0
534.png,0,1,0
535.png,0,0,1
536.png,0,1,0
537.png,0,1,0
538.png,0,1,0
539.png,0,1,0
54.png,0,1,0
540.png,0,1,0
541.png,0,1,0
542.png,0,1,0
543.png,0,1,0
544.png,0,1,0
545.png,0,0,1
546.png,0,1,0
547.png,0,1,0
548.png,0,1,0
549.png,0,1,0
55.png,0,1,0
550.png,0,1,0
551.png,0,1,0
552.png,0,0,1
553.png,0,0,1
554.png,0,1,0
555.png,0,0,1
556.png,0,1,0
557.png,0,1,0
558.png,0,1,0
559.png,0,1,0
56.png,0,1,0
560.png,0,0,1
561.png,0,0,1
562.png,0,1,0
563.png,0,0,1
564.png,0,0,1
565.png,0,1,0
566.png,0,1,0
567.png,0,1,0
568.png,0,1,0
569.png,0,1,0
57.png,0,1,0
570.png,0,1,0
571.png,0,1,0
572.png,0,1,0
573.png,0,1,0
574.png,0,1,0
575.png,0,0,1
576.png,0,0,1
577.png,0,0,1
578.png,0,1,0
579.png,0,1,0
58.png,0,1,0
580.png,0,0,1
581.png,0,0,1
582.png,0,0,1
583.png,0,0,1
584.png,0,1,0
585.png,0,1,0
586.jpg,1,1,0
587.png,0,1,0
588.png,0,1,0
589.png,0,1,0
59.png,0,1,0
590.png,0,0,1
591.png,0,0,1
592.png,0,0,1
593.png,0,0,1
594.jpg,0,1,0
595.png,0,1,0
596.png,0,1,0
597.png,0,0,1
598.png,0,1,0
599.png,0,0,1
6.png,0,1,0
60.png,0,1,0
600.png,0,1,0
601.png,0,1,0
602.png,0,1,0
603.png,0,1,0
604.png,0,1,0
605.jpg,0,1,0
606.png,0,1,0
607.png,0,1,0
608.png,0,1,0
609.jpg,0,1,0
61.png,0,0,0
610.png,0,1,0
611.png,0,1,0
612.png,0,0,1
613.png,0,0,1
614.png,0,1,0
615.png,0,1,0
616.png,0,0,1
617.png,0,1,0
618.png,0,1,0
619.png,0,1,0
62.png,0,1,0
620.png,0,0,1
621.png,0,0,1
622.png,0,1,0
623.png,0,1,0
624.png,0,1,0
625.png,0,1,0
626.png,0,0,1
627.png,0,0,1
628.png,0,1,0
63.png,0,1,0
64.png,0,0,1
65.png,0,1,0
66.png,0,0,1
67.png,0,0,1
68.png,0,0,1
69.png,0,1,0
7.png,0,0,1
70.png,0,1,0
71.png,0,1,0
72.png,0,1,0
73.png,0,1,0
74.png,0,1,0
75.png,0,1,0
76.png,0,0,1
77.png,0,1,0
78.png,0,0,1
79.png,0,1,0
8.png,0,0,1
80.png,0,0,1
81.png,0,0,1
82.png,0,1,0
83.png,0,1,0
84.png,0,1,0
85.png,0,0,1
86.png,0,0,1
87.png,0,0,1
88.png,0,1,0
89.png,0,0,1
9.jpg,1,1,0
90.png,0,0,1
91.png,0,1,0
92.png,0,1,0
93.png,0,1,0
94.png,0,1,0
95.png,0,1,0
96.png,0,0,1
97.png,0,0,1
98.png,0,1,0
99.png,0,1,0
