0.png,0.0,1.0,0.0
1.png,0.0,1.0,0.0
10.png,0.0,1.0,0.0
100.png,0.0,0.0,1.0
101.png,0.0,1.0,0.0
102.png,0.0,1.0,0.0
103.png,0.0,1.0,0.0
104.jpg,1.0,1.0,0.0
105.jpg,1.0,1.0,0.0
106.png,0.0,1.0,0.0
107.png,0.0,1.0,0.0
108.png,0.0,0.0,1.0
109.png,0.0,1.0,0.0
11.png,0.0,1.0,0.0
110.png,0.0,0.0,1.0
111.png,0.0,0.0,1.0
112.png,0.0,1.0,0.0
113.png,0.0,1.0,0.0
114.png,0.0,0.0,1.0
115.png,0.0,0.0,1.0
116.png,0.0,1.0,0.0
117.png,0.0,1.0,0.0
118.png,0.0,1.0,0.0
119.png,0.0,0.0,1.0
12.png,0.0,1.0,0.0
120.png,0.0,0.0,1.0
121.png,0.0,1.0,0.0
122.png,0.0,1.0,0.0
123.png,0.0,1.0,0.0
124.png,0.0,0.0,1.0
125.png,0.0,1.0,0.0
126.png,0.0,1.0,0.0
127.png,0.0,1.0,0.0
128.png,0.0,1.0,0.0
129.png,0.0,1.0,0.0
13.png,0.0,0.0,1.0
130.png,0.0,1.0,0.0
131.png,0.0,0.0,1.0
132.png,0.0,0.0,1.0
133.png,0.0,1.0,0.0
134.png,0.0,1.0,0.0
135.png,0.0,0.0,1.0
136.png,0.0,0.0,1.0
137.png,0.0,1.0,0.0
138.png,0.0,1.0,1.0
139.png,0.0,1.0,0.0
14.png,0.0,1.0,0.0
140.png,0.0,1.0,0.0
141.png,0.0,1.0,0.0
142.png,0.0,1.0,0.0
143.png,0.0,1.0,0.0
144.png,0.0,1.0,0.0
145.png,0.0,1.0,0.0
146.png,0.0,1.0,0.0
147.png,0.0,0.0,1.0
148.png,0.0,1.0,0.0
149.jpg,1.0,1.0,0.0
15.png,0.0,0.0,1.0
150.png,0.0,0.0,1.0
151.png,0.0,1.0,0.0
152.png,0.0,0.0,1.0
153.png,0.0,1.0,0.0
154.png,0.0,1.0,0.0
155.png,0.0,1.0,0.0
156.png,0.0,1.0,0.0
157.png,0.0,1.0,0.0
158.png,0.0,1.0,0.0
159.png,0.0,1.0,0.0
16.png,0.0,1.0,0.0
160.png,0.0,0.0,1.0
161.png,0.0,1.0,0.0
162.png,0.0,1.0,0.0
163.png,0.0,1.0,0.0
164.png,0.0,0.0,1.0
165.png,0.0,1.0,0.0
166.png,0.0,1.0,0.0
167.png,0.0,1.0,0.0
168.png,0.0,1.0,0.0
169.png,0.0,1.0,0.0
17.png,0.0,0.0,1.0
170.png,0.0,1.0,0.0
171.png,0.0,0.0,1.0
172.png,0.0,1.0,0.0
173.png,0.0,1.0,0.0
174.png,0.0,1.0,0.0
175.png,0.0,1.0,0.0
176.png,0.0,1.0,0.0
177.png,0.0,1.0,0.0
178.jpg,0.0,1.0,0.0
179.png,0.0,1.0,0.0
18.png,0.0,0.0,1.0
180.png,0.0,0.0,0.0
181.png,0.0,0.0,1.0
182.png,0.0,0.0,1.0
183.png,0.0,1.0,1.0
184.png,0.0,0.0,1.0
185.png,0.0,1.0,0.0
186.png,0.0,1.0,0.0
187.png,0.0,1.0,0.0
188.png,0.0,1.0,0.0
189.png,0.0,1.0,0.0
19.png,0.0,0.0,1.0
190.png,0.0,1.0,0.0
191.png,0.0,1.0,0.0
192.png,0.0,1.0,0.0
193.png,0.0,1.0,0.0
194.png,0.0,0.0,1.0
195.png,0.0,1.0,0.0
196.png,0.0,1.0,0.0
197.png,0.0,0.0,1.0
198.png,0.0,0.0,1.0
199.png,0.0,0.0,1.0
2.png,0.0,0.0,1.0
20.png,0.0,1.0,0.0
200.png,0.0,1.0,0.0
201.png,0.0,0.0,1.0
202.png,0.0,1.0,0.0
203.png,0.0,1.0,0.0
204.png,0.0,0.0,1.0
205.png,0.0,1.0,0.0
206.png,0.0,1.0,0.0
207.png,0.0,1.0,0.0
208.png,0.0,1.0,0.0
209.png,0.0,0.0,1.0
21.png,0.0,1.0,0.0
210.png,0.0,0.0,1.0
211.png,0.0,0.0,1.0
212.png,0.0,1.0,0.0
213.png,0.0,1.0,0.0
214.jpg,1.0,1.0,0.0
215.png,0.0,0.0,1.0
216.png,0.0,1.0,0.0
217.png,0.0,1.0,0.0
218.png,0.0,1.0,0.0
219.png,0.0,0.0,1.0
22.png,0.0,1.0,0.0
220.png,0.0,1.0,0.0
221.png,0.0,1.0,0.0
222.png,0.0,1.0,0.0
223.png,0.0,0.0,1.0
224.png,0.0,1.0,0.0
225.png,0.0,1.0,0.0
226.png,0.0,1.0,0.0
227.png,0.0,1.0,0.0
228.png,0.0,0.0,1.0
229.jpg,1.0,1.0,0.0
23.png,0.0,1.0,0.0
230.jpg,0.0,1.0,0.0
231.png,0.0,1.0,0.0
232.png,0.0,1.0,0.0
233.png,0.0,1.0,0.0
234.png,0.0,1.0,0.0
235.png,0.0,1.0,0.0
236.png,0.0,1.0,0.0
237.png,0.0,1.0,0.0
238.png,0.0,1.0,0.0
239.png,0.0,0.0,1.0
24.png,0.0,0.0,1.0
240.png,0.0,0.0,1.0
241.png,0.0,1.0,0.0
242.png,0.0,1.0,0.0
243.png,0.0,1.0,0.0
244.png,0.0,1.0,0.0
245.png,0.0,1.0,0.0
246.png,0.0,1.0,0.0
247.png,0.0,1.0,0.0
248.png,0.0,1.0,0.0
249.png,0.0,1.0,0.0
25.png,0.0,1.0,0.0
250.png,0.0,0.0,1.0
251.png,0.0,0.0,1.0
252.png,0.0,1.0,0.0
253.png,0.0,0.0,1.0
254.png,0.0,0.0,1.0
255.png,0.0,0.0,1.0
256.png,0.0,1.0,0.0
257.png,0.0,1.0,0.0
258.png,0.0,0.0,1.0
259.png,0.0,1.0,0.0
26.png,0.0,1.0,0.0
260.png,0.0,1.0,0.0
261.png,0.0,1.0,0.0
262.png,0.0,0.0,1.0
263.png,0.0,0.0,1.0
264.png,0.0,0.0,1.0
265.png,0.0,1.0,0.0
266.jpg,1.0,1.0,0.0
267.png,0.0,0.0,1.0
268.png,0.0,1.0,0.0
269.png,0.0,1.0,0.0
27.png,0.0,0.0,1.0
270.png,0.0,1.0,0.0
271.png,0.0,1.0,0.0
272.png,0.0,0.0,1.0
273.png,0.0,1.0,0.0
274.png,0.0,1.0,0.0
275.png,0.0,0.0,1.0
276.png,0.0,1.0,0.0
277.png,0.0,0.0,1.0
278.png,0.0,1.0,0.0
279.png,0.0,1.0,0.0
28.png,0.0,0.0,1.0
280.png,0.0,1.0,0.0
281.png,0.0,1.0,0.0
282.png,0.0,0.0,1.0
283.png,0.0,0.0,1.0
284.png,0.0,1.0,0.0
285.png,0.0,1.0,0.0
286.png,0.0,0.0,1.0
287.png,0.0,1.0,0.0
288.png,0.0,0.0,1.0
289.png,0.0,1.0,0.0
29.png,0.0,1.0,0.0
290.png,0.0,0.0,1.0
291.png,0.0,1.0,0.0
292.png,0.0,1.0,0.0
293.png,0.0,1.0,0.0
294.png,0.0,0.0,1.0
295.png,0.0,0.0,1.0
296.png,0.0,1.0,0.0
297.png,0.0,1.0,0.0
298.png,0.0,0.0,1.0
299.png,0.0,0.0,1.0
3.png,0.0,0.0,1.0
30.png,0.0,1.0,0.0
300.png,0.0,1.0,0.0
301.png,0.0,0.0,1.0
302.png,0.0,0.0,1.0
303.png,0.0,0.0,1.0
304.png,0.0,0.0,1.0
305.png,0.0,1.0,0.0
306.png,0.0,1.0,0.0
307.png,0.0,1.0,0.0
308.png,0.0,0.0,1.0
309.png,0.0,1.0,0.0
31.png,0.0,1.0,0.0
310.png,0.0,1.0,0.0
311.png,0.0,1.0,0.0
312.png,0.0,1.0,0.0
313.png,1.0,1.0,0.0
314.png,0.0,0.0,1.0
315.png,0.0,0.0,1.0
316.png,0.0,1.0,0.0
317.png,0.0,1.0,0.0
318.png,0.0,1.0,0.0
319.png,0.0,1.0,0.0
32.png,0.0,1.0,0.0
320.png,0.0,0.0,1.0
321.png,0.0,1.0,0.0
322.png,0.0,0.0,1.0
323.jpg,1.0,1.0,0.0
324.png,0.0,1.0,0.0
325.png,0.0,0.0,1.0
326.png,0.0,1.0,0.0
327.png,0.0,0.0,1.0
328.png,0.0,1.0,0.0
329.png,0.0,0.0,1.0
33.png,0.0,1.0,0.0
330.png,0.0,1.0,0.0
331.png,0.0,1.0,0.0
332.png,0.0,1.0,0.0
333.png,0.0,0.0,1.0
334.png,0.0,1.0,0.0
335.png,0.0,1.0,0.0
336.png,0.0,0.0,1.0
337.png,0.0,1.0,0.0
338.png,0.0,1.0,0.0
339.png,0.0,1.0,0.0
34.png,0.0,1.0,0.0
340.png,0.0,1.0,0.0
341.png,0.0,1.0,0.0
342.png,0.0,1.0,0.0
343.png,0.0,1.0,0.0
344.png,0.0,1.0,0.0
345.png,0.0,1.0,0.0
346.png,0.0,0.0,1.0
347.png,0.0,1.0,0.0
348.png,0.0,1.0,0.0
349.png,0.0,1.0,0.0
35.png,0.0,0.0,1.0
350.png,0.0,0.0,1.0
351.png,0.0,1.0,0.0
352.png,0.0,1.0,0.0
353.png,0.0,0.0,1.0
354.png,0.0,1.0,0.0
355.png,0.0,1.0,0.0
356.png,0.0,0.0,1.0
357.png,0.0,1.0,0.0
358.png,0.0,1.0,0.0
359.png,0.0,1.0,0.0
36.png,0.0,1.0,0.0
360.png,0.0,1.0,0.0
361.png,0.0,0.0,1.0
362.png,0.0,1.0,0.0
363.png,0.0,1.0,0.0
364.png,0.0,0.0,1.0
365.png,0.0,1.0,0.0
366.png,0.0,1.0,0.0
367.png,0.0,1.0,0.0
368.png,0.0,1.0,0.0
369.png,0.0,0.0,1.0
37.png,0.0,1.0,0.0
370.png,0.0,1.0,0.0
371.png,0.0,1.0,0.0
372.png,0.0,1.0,0.0
373.png,0.0,1.0,0.0
374.png,0.0,1.0,0.0
375.png,0.0,1.0,0.0
376.png,0.0,1.0,0.0
377.png,0.0,1.0,0.0
378.png,0.0,1.0,0.0
379.png,0.0,1.0,0.0
38.png,0.0,1.0,0.0
380.png,0.0,1.0,0.0
381.png,0.0,0.0,1.0
382.png,0.0,0.0,1.0
383.png,0.0,0.0,1.0
384.png,0.0,0.0,1.0
385.png,0.0,1.0,0.0
386.png,0.0,1.0,0.0
387.png,0.0,1.0,0.0
388.png,0.0,1.0,0.0
389.png,0.0,1.0,0.0
39.jpg,0.0,1.0,0.0
390.png,0.0,1.0,0.0
391.png,0.0,0.0,1.0
392.png,0.0,0.0,1.0
393.png,0.0,0.0,1.0
394.png,0.0,1.0,0.0
395.png,0.0,1.0,0.0
396.png,0.0,0.0,1.0
397.png,0.0,1.0,0.0
398.png,0.0,0.0,1.0
399.png,0.0,1.0,0.0
4.png,0.0,1.0,0.0
40.png,0.0,0.0,1.0
400.png,0.0,0.0,1.0
401.png,0.0,1.0,0.0
402.png,0.0,1.0,0.0
403.png,0.0,0.0,1.0
404.png,0.0,1.0,0.0
405.png,0.0,1.0,0.0
406.png,0.0,1.0,0.0
407.png,0.0,1.0,0.0
408.png,0.0,0.0,1.0
409.png,0.0,0.0,1.0
41.png,0.0,1.0,0.0
410.jpg,0.0,0.0,1.0
411.png,0.0,0.0,1.0
412.png,0.0,1.0,0.0
413.png,0.0,1.0,0.0
414.png,0.0,1.0,0.0
415.jpg,1.0,1.0,0.0
416.png,0.0,1.0,0.0
417.png,0.0,0.0,1.0
418.png,0.0,1.0,0.0
419.png,0.0,0.0,1.0
42.png,0.0,1.0,0.0
420.png,0.0,1.0,0.0
421.png,0.0,1.0,0.0
422.png,0.0,1.0,0.0
423.png,0.0,1.0,0.0
424.png,0.0,1.0,0.0
425.png,0.0,1.0,0.0
426.png,0.0,1.0,0.0
427.png,0.0,1.0,0.0
428.png,0.0,0.0,1.0
429.png,0.0,0.0,1.0
43.png,0.0,1.0,0.0
430.png,0.0,1.0,0.0
431.png,0.0,0.0,1.0
432.png,0.0,1.0,0.0
433.png,0.0,0.0,1.0
434.png,0.0,0.0,1.0
435.png,0.0,1.0,0.0
436.png,0.0,1.0,0.0
437.jpg,0.0,1.0,0.0
438.png,0.0,0.0,1.0
439.png,0.0,1.0,0.0
44.png,0.0,0.0,1.0
440.png,0.0,1.0,0.0
441.png,0.0,0.0,1.0
442.png,0.0,1.0,0.0
443.png,0.0,1.0,0.0
444.png,0.0,1.0,0.0
445.png,0.0,1.0,0.0
446.png,0.0,1.0,0.0
447.png,0.0,1.0,0.0
448.png,0.0,1.0,0.0
449.png,0.0,1.0,0.0
45.png,0.0,0.0,1.0
450.png,0.0,1.0,0.0
451.png,0.0,1.0,0.0
452.png,0.0,1.0,0.0
453.png,0.0,1.0,0.0
454.png,0.0,1.0,0.0
455.png,0.0,1.0,0.0
456.png,0.0,1.0,0.0
457.png,0.0,1.0,0.0
458.png,0.0,1.0,0.0
459.png,0.0,1.0,0.0
46.png,0.0,1.0,0.0
460.png,0.0,0.0,1.0
461.png,0.0,1.0,0.0
462.png,0.0,0.0,1.0
463.png,0.0,1.0,0.0
464.png,0.0,1.0,0.0
465.png,0.0,1.0,0.0
466.png,0.0,1.0,0.0
467.png,0.0,1.0,0.0
468.png,0.0,1.0,0.0
469.png,0.0,1.0,0.0
47.png,0.0,1.0,0.0
470.png,0.0,0.0,1.0
471.png,0.0,0.0,1.0
472.png,0.0,0.0,1.0
473.png,0.0,1.0,0.0
474.jpg,0.0,1.0,0.0
475.png,0.0,1.0,0.0
476.png,0.0,1.0,0.0
477.png,0.0,1.0,0.0
478.png,0.0,1.0,0.0
479.png,0.0,0.0,1.0
48.png,0.0,1.0,0.0
480.png,0.0,0.0,1.0
481.png,0.0,1.0,0.0
482.png,0.0,1.0,0.0
483.png,0.0,1.0,0.0
484.png,0.0,0.0,1.0
485.png,0.0,1.0,1.0
486.png,0.0,1.0,0.0
487.png,0.0,1.0,0.0
488.png,0.0,0.0,1.0
489.png,0.0,1.0,0.0
49.png,0.0,1.0,0.0
490.png,0.0,1.0,0.0
491.png,0.0,1.0,0.0
492.png,0.0,0.0,1.0
493.png,0.0,1.0,0.0
494.png,0.0,1.0,0.0
495.png,0.0,1.0,0.0
496.png,0.0,1.0,0.0
497.png,0.0,1.0,0.0
498.png,0.0,0.0,1.0
499.png,0.0,0.0,1.0
5.png,0.0,1.0,0.0
50.png,0.0,0.0,1.0
500.png,0.0,0.0,1.0
501.png,0.0,1.0,0.0
502.png,0.0,1.0,0.0
503.png,0.0,1.0,0.0
504.png,0.0,0.0,1.0
505.png,0.0,1.0,0.0
506.png,0.0,1.0,0.0
507.png,0.0,1.0,0.0
508.png,0.0,0.0,1.0
509.png,0.0,1.0,0.0
51.png,0.0,0.0,1.0
510.png,0.0,1.0,0.0
511.png,0.0,1.0,0.0
512.jpg,0.0,0.0,1.0
513.png,0.0,1.0,0.0
514.png,0.0,0.0,1.0
515.png,0.0,0.0,1.0
516.png,0.0,1.0,0.0
517.png,0.0,1.0,0.0
518.png,0.0,1.0,0.0
519.png,0.0,0.0,1.0
52.png,0.0,0.0,1.0
520.png,0.0,1.0,0.0
521.png,0.0,0.0,1.0
522.png,0.0,1.0,0.0
523.png,0.0,0.0,1.0
524.jpg,1.0,1.0,0.0
525.png,0.0,0.0,1.0
526.png,0.0,1.0,0.0
527.jpg,1.0,0.0,1.0
528.png,0.0,1.0,0.0
529.png,0.0,1.0,0.0
53.png,0.0,1.0,0.0
530.png,0.0,0.0,1.0
531.png,0.0,0.0,1.0
532.png,0.0,0.0,1.0
533.jpg,1.0,1.0,0.0
534.png,0.0,1.0,0.0
535.png,0.0,0.0,1.0
536.png,0.0,1.0,0.0
537.png,0.0,0.0,1.0
538.png,0.0,0.0,1.0
539.png,0.0,1.0,0.0
54.png,0.0,1.0,0.0
540.png,0.0,1.0,0.0
541.png,0.0,1.0,0.0
542.png,0.0,1.0,0.0
543.png,0.0,1.0,0.0
544.png,0.0,1.0,0.0
545.png,0.0,0.0,1.0
546.png,0.0,1.0,0.0
547.png,0.0,1.0,0.0
548.png,0.0,1.0,0.0
549.png,0.0,1.0,0.0
55.png,0.0,1.0,0.0
550.png,0.0,1.0,0.0
551.png,0.0,1.0,0.0
552.png,0.0,0.0,1.0
553.png,0.0,0.0,1.0
554.png,0.0,1.0,0.0
555.png,0.0,0.0,1.0
556.png,0.0,1.0,0.0
557.png,0.0,1.0,0.0
558.png,0.0,1.0,0.0
559.png,0.0,1.0,0.0
56.png,0.0,1.0,0.0
560.png,0.0,0.0,1.0
561.png,0.0,0.0,1.0
562.png,0.0,1.0,0.0
563.png,0.0,0.0,1.0
564.png,0.0,0.0,1.0
565.png,0.0,1.0,0.0
566.png,0.0,1.0,0.0
567.png,0.0,1.0,0.0
568.png,0.0,1.0,0.0
569.png,0.0,1.0,0.0
57.png,0.0,1.0,0.0
570.png,0.0,1.0,0.0
571.png,0.0,1.0,0.0
572.png,0.0,1.0,0.0
573.png,0.0,1.0,0.0
574.png,0.0,1.0,0.0
575.png,0.0,0.0,1.0
576.png,0.0,0.0,1.0
577.png,0.0,0.0,1.0
578.png,0.0,1.0,0.0
579.png,0.0,1.0,0.0
58.png,0.0,1.0,0.0
580.png,0.0,0.0,1.0
581.png,0.0,0.0,1.0
582.png,0.0,0.0,1.0
583.png,0.0,0.0,1.0
584.png,0.0,1.0,0.0
585.png,0.0,1.0,0.0
586.jpg,0.0,1.0,0.0
587.png,0.0,1.0,0.0
588.png,0.0,1.0,0.0
589.png,0.0,1.0,0.0
59.png,0.0,1.0,0.0
590.png,0.0,0.0,1.0
591.png,0.0,0.0,1.0
592.png,0.0,0.0,1.0
593.png,0.0,1.0,0.0
594.jpg,1.0,1.0,0.0
595.png,0.0,1.0,0.0
596.png,0.0,1.0,0.0
597.png,0.0,0.0,1.0
598.png,0.0,1.0,0.0
599.png,0.0,0.0,1.0
6.png,0.0,1.0,0.0
60.png,0.0,1.0,0.0
600.png,0.0,1.0,0.0
601.png,0.0,1.0,0.0
602.png,0.0,1.0,0.0
603.png,0.0,1.0,0.0
604.png,0.0,1.0,0.0
605.jpg,0.0,1.0,0.0
606.png,0.0,1.0,0.0
607.png,0.0,1.0,0.0
608.png,0.0,1.0,0.0
609.jpg,1.0,1.0,0.0
61.png,0.0,1.0,0.0
610.png,0.0,1.0,0.0
611.png,0.0,1.0,0.0
612.png,0.0,0.0,1.0
613.png,0.0,0.0,1.0
614.png,0.0,1.0,0.0
615.png,0.0,1.0,0.0
616.png,0.0,0.0,1.0
617.png,0.0,1.0,0.0
618.png,0.0,1.0,0.0
619.png,0.0,1.0,0.0
62.png,0.0,1.0,0.0
620.png,0.0,0.0,1.0
621.png,0.0,0.0,1.0
622.png,0.0,1.0,0.0
623.png,0.0,1.0,0.0
624.png,0.0,1.0,0.0
625.png,0.0,1.0,0.0
626.png,0.0,0.0,1.0
627.png,0.0,0.0,1.0
628.png,0.0,1.0,0.0
63.png,0.0,1.0,0.0
64.png,0.0,0.0,1.0
65.png,0.0,1.0,0.0
66.png,0.0,0.0,1.0
67.png,0.0,1.0,0.0
68.png,0.0,0.0,1.0
69.png,0.0,1.0,0.0
7.png,0.0,1.0,0.0
70.png,0.0,1.0,0.0
71.png,0.0,1.0,0.0
72.png,0.0,1.0,0.0
73.png,0.0,1.0,0.0
74.png,0.0,1.0,0.0
75.png,0.0,1.0,0.0
76.png,0.0,0.0,1.0
77.png,0.0,1.0,0.0
78.png,0.0,0.0,1.0
79.png,0.0,1.0,0.0
8.png,0.0,0.0,1.0
80.png,0.0,0.0,1.0
81.png,0.0,0.0,1.0
82.png,0.0,1.0,0.0
83.png,0.0,1.0,0.0
84.png,0.0,1.0,0.0
85.png,0.0,0.0,1.0
86.png,0.0,0.0,1.0
87.png,0.0,0.0,1.0
88.png,0.0,1.0,0.0
89.png,0.0,1.0,0.0
9.jpg,1.0,1.0,0.0
90.png,0.0,0.0,1.0
91.png,0.0,1.0,0.0
92.png,0.0,1.0,0.0
93.png,0.0,1.0,0.0
94.png,0.0,1.0,0.0
95.png,0.0,1.0,0.0
96.png,0.0,0.0,1.0
97.png,0.0,0.0,1.0
98.png,0.0,1.0,0.0
99.png,0.0,1.0,0.0
